{"a":[],"e":[],"f":[],"m":"code_word","stable":["/Users/vladislavzukov/pet/project-name/Sources/code_word/ContentView.swift","/Users/vladislavzukov/pet/project-name/Sources/code_word/code_word.swift","/Users/vladislavzukov/pet/project-name/Sources/code_word/code_wordApp.swift"],"t":[{"a":{"a":[]},"f":{"o":0,"t":{"none":{}}},"g":{"e":[]},"i":[{"named":{"_0":"View","_1":[]}}],"m":"code_word","ma":[],"mc":[],"mf":[{"a":{"a":[]},"d":{"named":{"_0":"ContentView","_1":[]}},"g":{"e":[]},"gen":false,"m":"code_word","mut":false,"n":"init","s":{"function":{"_0":[],"_1":{"named":{"_0":"ContentView","_1":[]}},"_2":{"o":0,"t":{"none":{}}}}},"sid":0,"t":{"initDeclaration":{}},"v":{"available":{}},"z":{"f":false,"l":false,"m":false,"n":false,"o":false,"s":false,"sv":{"default":{}},"v":{"public":{}}}}],"ms":[],"mt":[],"mv":[{"a":{"a":[]},"d":{"named":{"_0":"ContentView","_1":[]}},"f":{"o":132,"t":{"none":{}}},"gen":false,"init":false,"m":"code_word","n":"body","s":{"named":{"_0":"View","_1":[]}},"sid":0,"v":{"available":{}},"val":false,"z":{"f":false,"l":false,"m":false,"n":false,"o":false,"s":false,"sv":{"default":{}},"v":{"public":{}}}}],"n":"ContentView","s":{"named":{"_0":"ContentView","_1":[]}},"sid":0,"t":{"structDeclaration":{}},"v":{"available":{}},"z":{"f":false,"l":false,"m":false,"n":false,"o":false,"s":false,"sv":{"default":{}},"v":{"public":{}}}},{"a":{"a":[]},"f":{"o":0,"t":{"none":{}}},"g":{"e":[]},"i":[],"m":"code_word","ma":[],"mc":[],"mf":[{"a":{"a":[]},"d":{"named":{"_0":"code_wordModule","_1":[]}},"g":{"e":[]},"gen":true,"m":"code_word","mut":false,"n":"init","s":{"function":{"_0":[],"_1":{"named":{"_0":"code_wordModule","_1":[]}},"_2":{"o":0,"t":{"none":{}}}}},"sid":1,"t":{"initDeclaration":{}},"v":{"available":{}},"z":{"f":false,"l":false,"m":false,"n":false,"o":false,"s":false,"sv":{"default":{}},"v":{"public":{}}}}],"ms":[],"mt":[],"mv":[],"n":"code_wordModule","s":{"named":{"_0":"code_wordModule","_1":[]}},"sid":1,"t":{"classDeclaration":{}},"v":{"available":{}},"z":{"f":false,"l":false,"m":false,"n":false,"o":false,"s":false,"sv":{"default":{}},"v":{"public":{}}}},{"a":{"a":[]},"f":{"o":0,"t":{"none":{}}},"g":{"e":[]},"i":[{"named":{"_0":"View","_1":[]}}],"m":"code_word","ma":[],"mc":[],"mf":[{"a":{"a":[]},"d":{"named":{"_0":"RootView","_1":[]}},"g":{"e":[]},"gen":false,"m":"code_word","mut":false,"n":"init","s":{"function":{"_0":[],"_1":{"named":{"_0":"RootView","_1":[]}},"_2":{"o":0,"t":{"none":{}}}}},"sid":2,"t":{"initDeclaration":{}},"v":{"available":{}},"z":{"f":false,"l":false,"m":false,"n":false,"o":false,"s":false,"sv":{"default":{}},"v":{"public":{}}}}],"ms":[],"mt":[],"mv":[{"a":{"a":[]},"d":{"named":{"_0":"RootView","_1":[]}},"f":{"o":132,"t":{"none":{}}},"gen":false,"init":false,"m":"code_word","n":"body","s":{"named":{"_0":"View","_1":[]}},"sid":2,"v":{"available":{}},"val":false,"z":{"f":false,"l":false,"m":false,"n":false,"o":false,"s":false,"sv":{"default":{}},"v":{"public":{}}}}],"n":"RootView","s":{"named":{"_0":"RootView","_1":[]}},"sid":2,"t":{"structDeclaration":{}},"v":{"available":{}},"z":{"f":false,"l":false,"m":false,"n":false,"o":false,"s":false,"sv":{"default":{}},"v":{"public":{}}}}],"v":[]}